,u,v,w,hvelmag,theta,mueff,u'theta'_r,v'theta'_r,w'theta'_r,u'u'_r,u'v'_r,u'w'_r,v'v'_r,v'w'_r,w'w'_r,u'u'u'_r,v'v'v'_r,w'w'w'_r,z
0,3.8540869605740737,3.3232228059725437,-2.319535187328877e-09,5.109869895753303,288.54890014802845,0.0,-0.006640499087200583,-0.006543028076320542,0.0020215924211303524,0.14516827687757092,-0.024941586821342846,-0.004603704612875014,0.2243043847999259,-0.0034872372937177097,0.00325481369265445,0.02178848539282467,0.03482202808867186,0.00017173084210248354,6.0
1,4.369924623967935,3.7136694419721614,-3.880811240411165e-09,5.754219616916475,288.46837459073134,0.0,-0.012081478612693637,-0.009611546743640082,0.007180420076805125,0.19175911085491,0.008789752206628773,-0.023713629808227006,0.26201297530295703,-0.01709216846191966,0.022130120276320366,0.0009452931375609711,0.020492625108333596,0.002926911848970052,18.0
2,4.561297450791427,3.8481114899454654,-5.151551699709017e-09,5.986642134547682,288.42414890331276,0.0,-0.010433352550309957,-0.007271459114690579,0.010050013457893695,0.19315893128505476,0.010196751933140964,-0.02885585936569546,0.2673641503881624,-0.01946114950503253,0.045633450317347043,-0.002896960853222099,0.017564121565612722,0.007919657352523198,30.0
3,4.647610126530965,3.9029572117348352,-6.274502661190071e-09,6.086775912249644,288.4051318729047,0.0,-0.008519215443576877,-0.005419596402708277,0.010914438275078372,0.1748525764655612,0.007041196574483635,-0.030789305134409493,0.2556479206760094,-0.019568742627173025,0.06888323534261878,-0.007256217784160839,0.0164259639515643,0.013379480242221513,42.0
4,4.6930291138299225,3.9298783682465714,-7.2457579464974226e-09,6.137877335033833,288.3962812904444,0.0,-0.00676866888309884,-0.0038939801748343592,0.011061745288140124,0.15722245147349226,0.0015919174120809898,-0.031023381983205825,0.24071172243064753,-0.018607065870727357,0.09031270226205985,-0.009454174138931983,0.012791469564205555,0.018837850990896274,54.0
5,4.722344265961602,3.9465019929516982,-8.135897185774351e-09,6.1702218413251915,288.3912916999909,0.0,-0.005404080864037364,-0.002793094001736985,0.011020057404985783,0.14317302351923003,-0.0034517207846763297,-0.03117072380990013,0.22684113406168258,-0.017659896824041097,0.10979968891602268,-0.010527115534382559,0.010323684354867664,0.0241027777276555,66.0
6,4.742309628034189,3.9580088755534932,-8.924764381277852e-09,6.192243943615883,288.3879752536591,0.0,-0.004402191120339453,-0.0020695187862344857,0.010914642000408918,0.13296479489357024,-0.006511501592262076,-0.031093937074151683,0.215686677966583,-0.016663593114813757,0.127388817850855,-0.01075258751434278,0.009271524622093902,0.029185410839767594,78.0
7,4.75604469166327,3.9668033526041215,-9.647971519400203e-09,6.207904866518906,288.38563455666366,0.0,-0.003667331487962375,-0.001523776647210373,0.010787455245375777,0.12529960053254632,-0.008485819119314847,-0.031051988287009728,0.20722616078570016,-0.015670258658090505,0.1433591852206919,-0.010784747358409043,0.008010093584418026,0.03404311291374341,90.0
8,4.76548341014794,3.9743440863914103,-1.0283450769069927e-08,6.219584951424419,288.383816796789,0.0,-0.0031642820066279586,-0.0010728490361302041,0.010648439702928409,0.11942215152114075,-0.009772695208334578,-0.030988247316743586,0.20073439257645329,-0.01472855407774913,0.1578051454415198,-0.010676019700474132,0.0065375168026636345,0.03870677822857196,102.0
9,4.772832905616344,3.9805038460665236,-1.0843966036787013e-08,6.228880436071725,288.3824544555918,0.0,-0.0028057930338424514,-0.0006547717632603838,0.010505979527287811,0.11510154469035337,-0.011071472821794269,-0.030948407994487656,0.19508902673340678,-0.013822801351865067,0.17068865405581143,-0.010341038592590635,0.005247328680687823,0.04314959625519905,114.0
10,4.77983060873991,3.985827344954049,-1.1307497525514877e-08,6.237445671799461,288.38139141404366,0.0,-0.002529170513518522,-0.00036454723266314906,0.01036244781356434,0.11233417193724574,-0.012519245774180296,-0.03090795209502104,0.18979516273723376,-0.012914511675769529,0.1819363157387842,-0.009754527327865144,0.004561556188811619,0.047225547154230225,126.0
11,4.7862987910908386,3.990525197016253,-1.169347065940956e-08,6.245282184989649,288.3805933432521,0.0,-0.0022986580755173323,-0.00015736472605824026,0.01021146469490765,0.11103824679365606,-0.014345878730868927,-0.03091942487383441,0.1846221477625802,-0.011973606562184403,0.19141334308769978,-0.009007422362337092,0.004102124744629617,0.05077440921523038,138.0
12,4.791836443020855,3.994943022133292,-1.1973187539529513e-08,6.2523235014168375,288.3798701147349,0.0,-0.002156471240087622,2.4929779911983904e-05,0.010050789497823849,0.11156168143284108,-0.016314157438758446,-0.030959811850859047,0.18005018661359384,-0.010964240483946602,0.19891653223290165,-0.008536656275823375,0.003837166164044988,0.05372040633582493,150.0
13,4.795931760457188,3.9992448269078618,-1.2175708673751456e-08,6.25820878294484,288.3791502499251,0.0,-0.0020654375121636195,0.00018600921611147962,0.009880569445976654,0.11339702477849216,-0.01776776828457934,-0.031021483866473996,0.17584471589095604,-0.009901649907561883,0.20450505734878174,-0.00876374086329078,0.0033563405357818384,0.05610421884382131,162.0
14,4.79851593685481,4.0039362534591065,-1.2279915376312955e-08,6.2631446569280484,288.37836539811263,0.0,-0.0020193935806410088,0.0003811058917486569,0.009707442417561515,0.1156947934837093,-0.018583067066446718,-0.031070936497888526,0.1715887123499965,-0.008766504672743564,0.20858940806533088,-0.009239001959801166,0.0031272994154278445,0.058104392759180834,174.0
15,4.799366070293531,4.009135878126377,-1.2344934121974392e-08,6.2670271575983,288.3775595525757,0.0,-0.0019897616956485154,0.0005939738468795744,0.009535376546631641,0.11777086886912363,-0.018968705425255406,-0.031102039245636415,0.16728049728343336,-0.00761448659621408,0.211718775614187,-0.009730199860350721,0.004074275335329427,0.05987724673763661,186.0
16,4.798986481401004,4.013958868971593,-1.2370997665027935e-08,6.269735535340124,288.3767428559879,0.0,-0.0019550086419515686,0.0007599350131010952,0.009366697643342838,0.1193605230300331,-0.019548001598284622,-0.031126051667660443,0.16317768202915398,-0.006448563410309096,0.2143308568165999,-0.01022915659557718,0.005223254805971274,0.06148322524890351,198.0
17,4.797804537796072,4.017836917181073,-1.2417643800047098e-08,6.271248216841771,288.3759854945842,0.0,-0.0019174611440092029,0.0008485023001282872,0.0091982481724506,0.12031620825432604,-0.020233648448100595,-0.03112297894951113,0.1597072320885582,-0.005250449463294869,0.2165858400017494,-0.010475814941315484,0.006097970777813491,0.06294213576704273,210.0
18,4.795875484111676,4.020857969012677,-1.2460189623701788e-08,6.271627888598729,288.37527603602786,0.0,-0.0018810031973442245,0.0009080791375069064,0.009028472446557564,0.12096585317777699,-0.02056630688321163,-0.031082170890051775,0.1566959130472078,-0.004038058579051733,0.21853397403209174,-0.010605177159582417,0.006551152509244977,0.0643349195606956,222.0
19,4.793622129738356,4.023209016803589,-1.2572817794797316e-08,6.271268431248257,288.3746034853598,0.0,-0.0018294994348924732,0.0009472774026359108,0.008854500512884106,0.1211025715456823,-0.02015479219936091,-0.031018473536029247,0.15387462342925837,-0.0028207103758579005,0.220333216307441,-0.010722576577878715,0.006952457996189409,0.06579744606714347,234.0
20,4.791467133435506,4.025010315416182,-1.2663391328576122e-08,6.270595336226424,288.3739257515853,0.0,-0.0017595783741038815,0.000944384935160738,0.008680362243383043,0.120833444498376,-0.01933664786836018,-0.03094216451329475,0.15113777656437627,-0.001608512720090209,0.22222947475586735,-0.010844806320843335,0.007458595494046847,0.06743558677222668,246.0
21,4.790247654217631,4.026502945298354,-1.2847685643085235e-08,6.27041994109242,288.37326033611566,0.0,-0.0017061811615097199,0.0009354551623146314,0.008505220861197232,0.12015909018788955,-0.01818788561572323,-0.030828621396446078,0.1486189929611415,-0.0004591824135468224,0.2244112025667257,-0.010608354359795851,0.007710657617259181,0.06928176079938726,258.0
22,4.7899636223851125,4.027929169789686,-1.2954194197709147e-08,6.270941586861179,288.3725983178315,0.0,-0.0016597620912368839,0.0009366470397011714,0.00832990967523806,0.11950876186756743,-0.016924992032242573,-0.030729776332762856,0.1463944262146416,0.0006582692817043091,0.22693782925172126,-0.010136792838822855,0.007674155971244033,0.07134312619571757,270.0
23,4.790056557876723,4.029899107363154,-1.3108904234960262e-08,6.272122295579968,288.37197890685263,0.0,-0.00160580375179829,0.0009352888186547034,0.008154995535550033,0.11873769299519743,-0.015748262454780077,-0.03061284983291514,0.1441072904316261,0.0016755334404811083,0.2297732718028641,-0.009853039925568146,0.007014209517726878,0.07357369689905194,282.0
24,4.790261787088786,4.032879095911225,-1.30511371122281e-08,6.274007994177571,288.3714176984223,0.0,-0.001556144264804051,0.0009210918993682345,0.007982328495046043,0.11785584534741426,-0.014407193323335179,-0.03048684533847206,0.14110009097833626,0.002628652410547113,0.23284802025168333,-0.0095908629139533,0.006002819579886719,0.07592715764537632,294.0
25,4.790493477227701,4.036631471594649,-1.3197007737210392e-08,6.276389743882721,288.370933885861,0.0,-0.001520698185693237,0.0008936395087922609,0.007812785574609342,0.11702556589240554,-0.012894344668429085,-0.030346438198147398,0.13772286663266517,0.0034930803723031635,0.23612352860035854,-0.009271185969280647,0.00541510562883084,0.07833163808738308,306.0
26,4.7903638026958495,4.040690357575554,-1.3643149912220219e-08,6.2786694256825015,288.3705155838166,0.0,-0.0014770712187406323,0.0008581116163441005,0.0076449708080210685,0.11589512845321524,-0.01126259278808067,-0.0301988217483411,0.1342118157922246,0.004315514273279446,0.23956252238614065,-0.008877613044416895,0.005048988739608862,0.08067468998272166,318.0
27,4.789852625341288,4.044668693684443,-1.4589316454704173e-08,6.2806136520991265,288.37019132425866,0.0,-0.0014318857162578628,0.0008214698281645422,0.007478842444471029,0.11445606917447497,-0.009574232595175487,-0.030017636240675945,0.13100341641443633,0.005048136289251816,0.2430236726727614,-0.008448993889269767,0.004685783561455251,0.0828397455964586,330.0
28,4.788738716521186,4.04920795162811,-1.5579511224608594e-08,6.282482383191639,288.3699429815477,0.0,-0.0013955738634326689,0.0007875110888069963,0.007313189566245331,0.11273789919515088,-0.007918288135093479,-0.029827124046296633,0.12828060691856086,0.005720672223356724,0.2462935705213787,-0.00809933138690725,0.0042600359006440104,0.08477067415808155,342.0
29,4.787103569768366,4.053934360874618,-1.562366054331929e-08,6.284097381253984,288.36976606829745,0.0,-0.001363690228923533,0.0007585135977424837,0.007147692561354289,0.11070993475616667,-0.00644311597102253,-0.029565993929423502,0.12606573440629953,0.006299224985199296,0.2492277037563325,-0.0076493087355554296,0.004063847492351746,0.08644614982419745,354.0
30,4.785895782588281,4.058994108581844,-1.7677188274105937e-08,6.28625748223113,288.3695965301148,0.0,-0.0013286212187739632,0.0007305959736030726,0.006980517914428934,0.10880521457996783,-0.005103052967724682,-0.02927933751582354,0.12379859774264275,0.0068555424210912375,0.2518920296190488,-0.007103360359077257,0.004546892470816496,0.08799269569235653,366.0
31,4.7852710150240565,4.06430684967083,-2.0165460761411413e-08,6.289047307493979,288.3694597442442,0.0,-0.001296717818312429,0.0007055861458917359,0.006821603505765977,0.10758716966671296,-0.003859352821867209,-0.02893405201421408,0.12163000666720987,0.00730634313426436,0.2542886548483207,-0.006755387478354345,0.005728675572512448,0.08939611621490559,378.0
32,4.784934396288146,4.070134840039268,-2.4958894778509022e-08,6.292391216239875,288.36927781479255,0.0,-0.0012610840004747567,0.0006781039233806379,0.006656207116736067,0.1065659066214852,-0.0028211727851911532,-0.028580126936755636,0.11896011213332565,0.007738173803975136,0.2566639938735482,-0.0065169884102046155,0.006887133999261811,0.09062125174576768,390.0
33,4.784543444973822,4.075327813461591,-2.613010843360019e-08,6.2953397224378564,288.36917704025905,0.0,-0.0012306407857007081,0.0006642124642575227,0.006493527233451831,0.1057778963747577,-0.002416354191903999,-0.028199102466117194,0.11640815023046425,0.008163392504996703,0.25907882627352014,-0.006650974582131873,0.007305282910949538,0.09184066651545544,402.0
34,4.7844477733436666,4.079999554011622,-2.7449425022206705e-08,6.298214042167812,288.369092864856,0.0,-0.0011993219114928306,0.0006640471011183721,0.006334265411092623,0.10518503211356292,-0.0024870213537350905,-0.02784114883100205,0.1138562166919465,0.00852021770975957,0.2613510985751641,-0.006711067702213139,0.007240817778142511,0.09291763363462842,414.0
35,4.7846148992218795,4.084022365043645,-2.8413236697198957e-08,6.300886051349597,288.36903778063277,0.0,-0.0011705646863142511,0.0006625720533554178,0.006174420422722708,0.10449254610634173,-0.0027549530692147243,-0.02749378715061037,0.11151620419484286,0.008871514475485323,0.26354576377161043,-0.006752330091238119,0.006803777993335501,0.09373524354364501,426.0
36,4.785044272555233,4.087587042663048,-2.9151106019275176e-08,6.303477821390931,288.36900275128016,0.0,-0.0011419454011363257,0.000643900598331738,0.006015481626406193,0.10369547830628105,-0.0032534819906250042,-0.027148366616921084,0.10909989284143198,0.009165273557145918,0.2655556140377017,-0.00681923106236263,0.0061971787435722665,0.09423842154002197,438.0
37,4.785374483996985,4.090844205189082,-2.974659498391169e-08,6.305824907688551,288.36898211125896,0.0,-0.0011084306377979337,0.0006163439433400855,0.005856757883655869,0.10306588249815306,-0.0038968424684517984,-0.026805604860941402,0.10686109368136511,0.009434079582427148,0.26718764227242625,-0.007024147640540791,0.005646893556513691,0.09438643667017797,450.0
38,4.78537290790028,4.094382636487391,-3.02358364331943e-08,6.3081537282439175,288.36897080208274,0.0,-0.0010624015742803881,0.0005802492079825623,0.0056988171216488664,0.10254102534270937,-0.004575073311857261,-0.026452724935894695,0.10527307938870988,0.00963919072765656,0.2682956820205847,-0.007138547468477853,0.005462225486645467,0.09421099657651304,462.0
39,4.78505906176579,4.098667288312287,-3.061724278962123e-08,6.3107470823476115,288.3689750591496,0.0,-0.0010144099789565733,0.0005343517431317318,0.005539832626385814,0.10177656693662832,-0.004914733301039782,-0.02606768480018687,0.10417880275248471,0.009790216060521132,0.2688848978282044,-0.007172839577502485,0.00543134472328809,0.09375000309472188,474.0
40,4.7844243892821465,4.103199654972623,-3.0917065530919896e-08,6.313270947893518,288.3689994143096,0.0,-0.000969870453340787,0.0004786088906139546,0.00538183605981163,0.10080568748588185,-0.00509219014819434,-0.02564473737034619,0.10329110823461132,0.009891027431199071,0.26903493426887326,-0.007120297521535166,0.005146676688659478,0.09305061964811928,486.0
41,4.783318341897386,4.108106502757966,-3.111077090250428e-08,6.315713275552261,288.36905053077203,0.0,-0.0009333072373136673,0.00042405939522801927,0.005225548893944184,0.09976063238678792,-0.0053829645149402975,-0.025194383561287715,0.10266198888611905,0.009923205669917643,0.26880901201959023,-0.007039027438691934,0.004621979003988436,0.09221770478419082,498.0
42,4.781996363778859,4.113077710762232,-3.123871013721649e-08,6.318041103767756,288.3691171511409,0.0,-0.0009012755748318389,0.00037103754044886183,0.00506952221700207,0.0986738024039955,-0.005416618784188567,-0.024731063273156422,0.10258838309050222,0.00989036282695335,0.26825815825033794,-0.006884655337133501,0.004129872444588638,0.0913461720634892,510.0
43,4.780203888358314,4.117940079684471,-3.1263338827973444e-08,6.3199320875006855,288.3691984661805,0.0,-0.0008641469655151688,0.00031496962696205157,0.0049125223911238875,0.09776170302378985,-0.005120914715943294,-0.0242691983760333,0.10291126204640993,0.009783752985669227,0.26741175903568815,-0.0066161855839534595,0.0036246816755714727,0.09052828898271038,522.0
44,4.777800405726886,4.122427479190478,-3.1239132119626485e-08,6.321071057925056,288.36928434718084,0.0,-0.0008185053028634935,0.00025914889141817913,0.004753841508794988,0.09704121954273787,-0.004418909697183517,-0.023833555577172715,0.1031821637649646,0.009594351728857222,0.266312521094469,-0.0064349402633726615,0.002956039516925949,0.08984584601271378,534.0
45,4.774644983494194,4.126414900479001,-3.112622045151978e-08,6.321275882090727,288.3693701498643,0.0,-0.0007692450062744621,0.00020687117114318032,0.004593392996830432,0.09643190854791546,-0.0035612122412424225,-0.023407307121370412,0.10334703216815251,0.009380131921742318,0.2649731263924743,-0.006406104031060498,0.0022192270573696844,0.0893309457181132,546.0
46,4.771016641190434,4.129406698044696,-3.0978742193543335e-08,6.320465589111772,288.36944318558676,0.0,-0.000718446117502896,0.00015866955878992092,0.004431815945193788,0.09583452646904893,-0.0027225099148046653,-0.02298130160956423,0.1035957782939797,0.009133383459677902,0.26340181032012744,-0.006327629110408563,0.0014743864289150058,0.08896950341803857,558.0
47,4.767227734582076,4.131701962491918,-3.075256463327719e-08,6.319116121375256,288.3695077258345,0.0,-0.0006710758107255539,0.0001235352401348965,0.004269728592876899,0.09537299700102293,-0.0020882263049652513,-0.02257086564516228,0.10384244201914805,0.00890706779601713,0.2616503462405995,-0.006147758347372749,0.0011187327443201883,0.08870628122609119,570.0
48,4.7631881373648834,4.133678696791054,-3.048816705326471e-08,6.317399073351104,288.3695618774804,0.0,-0.000634911542911038,9.798044532159195e-05,0.004107636293947579,0.09502850456256814,-0.001635630236587859,-0.02211357382264291,0.10431816316060653,0.00870207168891696,0.25973050863299924,-0.0062062144701507576,0.001217392697414572,0.08845622801881609,582.0
49,4.758409235429515,4.135408062605175,-3.015355145203248e-08,6.314940049040617,288.3696138718758,0.0,-0.0006057135366609274,8.944845110236944e-05,0.00394481274836792,0.09437191599052407,-0.0012295937998903095,-0.0216503136568401,0.10468709621132313,0.008508408343503226,0.257658240375174,-0.006490208274636806,0.0012655519207119136,0.08817509788976365,594.0
50,4.753530345661475,4.13662049580004,-2.9790417147527525e-08,6.312029922231038,288.3696611487206,0.0,-0.0005722344829930531,8.914363180621035e-05,0.003782121331791094,0.0936624758527604,-0.0006949585579173588,-0.0211328274417021,0.10470555837975883,0.008335575110423798,0.25545936268544467,-0.006499039283516095,0.0011100760391443483,0.08783108126124649,606.0
51,4.74897549535414,4.137329366844321,-2.9369686993554457e-08,6.309006854087171,288.3697106933974,0.0,-0.0005392592753132852,8.76095303750892e-05,0.0036195745478754156,0.09307875124195064,-9.019721511252726e-05,-0.02058635691675616,0.10447839951079017,0.008169487488635609,0.25312894611654646,-0.006493855748603615,0.0009214270672258316,0.08737611422398656,618.0
52,4.745212803827762,4.137463739575047,-2.895152564291424e-08,6.306192747222713,288.36977126525164,0.0,-0.0005022797040331583,7.522868716457285e-05,0.0034570768565698614,0.09209633347774776,0.00030865416873851047,-0.020015684177971414,0.10440249958850166,0.00803804109371901,0.25065602607708115,-0.005710242967006526,0.0006683231568705306,0.08673734641434382,630.0
53,4.7420123968141805,4.1369039141678545,-2.8498804599625304e-08,6.303317829373728,288.369838274836,0.0,-0.00046472272731687756,5.21515402892186e-05,0.003294152917806674,0.09073206586493301,0.0006318585640622807,-0.019432324961004655,0.1043695298500472,0.007952346549776288,0.24799228664146616,-0.004626402984827017,0.00027043408966030854,0.08584604030941236,642.0
54,4.7395532790053965,4.136033128092443,-2.8103007920955616e-08,6.3007965301787525,288.3699130046953,0.0,-0.00043194321085387967,2.9745817176881522e-05,0.0031312321460828484,0.08957619929451378,0.0008270764719732863,-0.01885676212715467,0.10433508590995264,0.007880102453151837,0.24504687175650602,-0.0038954854167237343,-0.00015823173686126132,0.08469957553520907,654.0
55,4.737324369002111,4.134958175441171,-2.773215824312228e-08,6.29833988006893,288.3699965720854,0.0,-0.0004051412259415004,1.4342454951836775e-05,0.0029685372020051472,0.08883979116182136,0.0008688209829780773,-0.018285191895466825,0.10418788597687165,0.007828485860171727,0.24175309961409217,-0.003484918374095217,-0.0006211725448420117,0.08334120745074036,666.0
56,4.735389305669575,4.133900438619484,-2.748741883421635e-08,6.296149003640986,288.3700749433087,0.0,-0.0003880931709629787,5.237772820877206e-06,0.0028066593030887346,0.08848680110302187,0.000876474434091436,-0.01774767107057047,0.10419775644432079,0.007748018640388141,0.2380907427446597,-0.0029989841805432254,-0.0010877388250899746,0.0818323688129694,678.0
57,4.733489723701196,4.133336681794473,-2.718287104348726e-08,6.2943471845445975,288.3701627458938,0.0,-0.0003773641097921579,-2.705480617976024e-06,0.0026467816505887213,0.08855191719993542,0.0008280255186832222,-0.017213668258522663,0.10425412647939415,0.0076414065116402596,0.2340996048453686,-0.0024939295681530695,-0.001300122880453867,0.08022869982453461,690.0
58,4.730645959432448,4.133448298814767,-2.6762812123462456e-08,6.292300495857879,288.37027404977437,0.0,-0.0003711377518666482,-1.1574219975841456e-05,0.0024874192081524244,0.08841848346717952,0.0007038801174233916,-0.016679670373085886,0.10407153871802607,0.0074921276254066626,0.22990498133900095,-0.0021882781215871567,-0.0014064949476348075,0.07856950265938649,702.0
59,4.726873415995723,4.134226697955835,-2.612826057672244e-08,6.290003591982885,288.37041050469463,0.0,-0.0003694414668897503,-2.6551442129585683e-05,0.0023291720423202844,0.08761740426687671,0.0004235362475329833,-0.01614611594710918,0.1037314701865809,0.007299608011978992,0.22559341307984138,-0.0020531462093977067,-0.0014370412218322826,0.07685098456052801,714.0
60,4.722737288070468,4.135089386540381,-2.551511029489663e-08,6.287511298229547,288.37056405806385,0.0,-0.0003668943564470068,-4.998745040040134e-05,0.002171725146318773,0.08646268599187475,1.97058061540643e-06,-0.015591607334869868,0.10341677475570125,0.007066328841729994,0.22115331610908678,-0.002130733188636124,-0.0013975010593161841,0.07509365559591351,726.0
61,4.7183604441885025,4.135690813646528,-2.5412562153359415e-08,6.284700051809101,288.3707388421437,0.0,-0.0003569986108085292,-7.743607535399538e-05,0.0020169822500933294,0.08527789163145805,-0.0007190692029398044,-0.014985127235484804,0.10323703026663476,0.006788039949598725,0.21652972256912636,-0.002248675386796656,-0.0016023639461769544,0.07331625669269246,738.0
62,4.713603920979995,4.136139807230053,-2.4273371560206757e-08,6.281493394673144,288.37094196068887,0.0,-0.0003384038560620524,-0.00011014814438642251,0.001862829695048345,0.08419695392551267,-0.0013621109711739348,-0.014357029958831247,0.1029736394899928,0.0064684886761884625,0.21178245085485042,-0.0022173399122940316,-0.0020798300613330523,0.07157925622154844,750.0
63,4.708214055428392,4.13609898447135,-2.29346939206753e-08,6.2774826209791055,288.3711740208125,0.0,-0.0003165302174909558,-0.00014483024252032252,0.001711901609384647,0.08341777920544224,-0.0018440755363698606,-0.01368047633479255,0.1029636593382083,0.006133321817524793,0.2069120628232431,-0.002119569593527281,-0.0026319253277168964,0.06979832683902253,762.0
64,4.702189421163212,4.135989122781652,-2.0326758979636497e-08,6.272937665681379,288.371426895064,0.0,-0.00029229063111221463,-0.00017961606978449758,0.0015585486110432352,0.08275916588096846,-0.002344516404988435,-0.013011759677496544,0.10260759083516886,0.00577103639720003,0.2020865625279136,-0.0021651266323706926,-0.003229782569675932,0.06790852723627626,774.0
65,4.696988568346297,4.136004522701957,-1.955113103868268e-08,6.269134654793524,288.37168580879234,0.0,-0.0002780853297957986,-0.0002076569396046626,0.0014114122849508287,0.08255343537825731,-0.0027507127164490422,-0.012349125532651384,0.1031125244979639,0.005420172160186683,0.1973268217130479,-0.0024642476855692296,-0.0033890559187206236,0.06600479685199594,786.0
66,4.691782155023596,4.136502422494441,-1.8634168219288728e-08,6.265680681163554,288.37197408710716,0.0,-0.00026424701618443016,-0.00022807035938222873,0.001261593672536963,0.08295081111595748,-0.003042117343313257,-0.011636090980574098,0.10423169931117993,0.0050481063647105405,0.19239238381206494,-0.0027995577075173536,-0.0032620555768532165,0.06398479043935551,798.0
67,4.687639819433987,4.13738189779694,-1.7821470281838628e-08,6.263296480733449,288.37226568773264,0.0,-0.00024383459568561258,-0.00023777943113454717,0.0011152150224136368,0.08356219422416121,-0.0034170483579188805,-0.010952746276620672,0.1058459762495888,0.004689034900425104,0.18718188735398592,-0.0030788797312751044,-0.00305662867647063,0.06180146481211376,810.0
68,4.683973261349759,4.138363279908835,-1.707133051155733e-08,6.2613383446167195,288.372577703727,0.0,-0.0002151523604597115,-0.0002358874138261719,0.0009683032795665117,0.084328377518105,-0.00387045919395339,-0.010274548560187544,0.10777712444310417,0.004331026768726453,0.18153451430449316,-0.0033535436104241796,-0.0028542303584506087,0.05947740877402079,822.0
69,4.680956225418954,4.139101992653609,-1.6402415872236697e-08,6.259706655524069,288.37291954998824,0.0,-0.00018111107931252947,-0.00022913476829809336,0.0008233013062254898,0.08509054092418643,-0.00429842024776682,-0.009630877794236268,0.11001646239794449,0.003963849179012949,0.17537545783667027,-0.003682701233426669,-0.002692102910465526,0.057025311561557976,834.0
70,4.678840437297914,4.139362030642751,-1.5746859963879435e-08,6.2584814183456885,288.37331329295057,0.0,-0.00014410278336521022,-0.00022687839185706946,0.0006792485316675242,0.08581786181382638,-0.0049889627427011545,-0.00898875258636009,0.11268860280524545,0.003623554496450037,0.16876174112974374,-0.004133704935876538,-0.002593017526324574,0.05445196106135279,846.0
71,4.678122610765706,4.138708164328108,-1.5164854948793573e-08,6.257736956666366,288.373743138232,0.0,-0.00010454405855088733,-0.00022412488632226544,0.000536118362044562,0.08633286870403803,-0.005844164643932421,-0.008395079342106728,0.11607004045085559,0.003292745487135521,0.16183776489442112,-0.004447554687683645,-0.002284021812132979,0.05174390485950729,858.0
72,4.6789727864718476,4.137366234345743,-1.4582074687660988e-08,6.257699477322679,288.37419419763785,0.0,-5.839541744067906e-05,-0.00022111584639351975,0.0003921633534530293,0.08662801567005901,-0.006783580174718715,-0.007826415053389336,0.1197025101937271,0.002979424853654511,0.15471893669512646,-0.00463080637130434,-0.0019051194680013096,0.04892210987084996,870.0
73,4.681532256151771,4.135844682521498,-1.414110080596605e-08,6.258789566915275,288.37468527111,0.0,-1.1068039623396917e-06,-0.00022587290505790244,0.00024791524331730535,0.08691070920584255,-0.007728092838013167,-0.007283517029121708,0.12324519281536893,0.0027142871472808526,0.14747493097109085,-0.0045073112779412785,-0.001773616470686379,0.04602183624358878,882.0
74,4.68555138299066,4.134107989436856,-1.3842597667284e-08,6.260785525111175,288.3752503659683,0.0,6.316313052765836e-05,-0.00024112874363414622,0.00010170416391690133,0.0872962464589169,-0.008675725255305647,-0.006742499483786625,0.12653302408706765,0.0024483912109339004,0.14014726470798636,-0.004422647101457641,-0.001340928688649238,0.043054190573802206,894.0
75,4.690150422416956,4.131402481683999,-1.3689653240548934e-08,6.262518444031088,288.3759247104743,0.0,0.000139803795391735,-0.0002625795253804351,-4.528873646262234e-05,0.08764184373926182,-0.00942290168092566,-0.006197609112966277,0.12927829774187272,0.002176699139251864,0.1326949242557696,-0.004930987636099565,-0.00027853475324414445,0.040006190923163015,906.0
76,4.695592232839537,4.127588493084364,-1.3878220591199995e-08,6.2641792749811716,288.37675389984605,0.0,0.0002187203014968477,-0.0002835211152776767,-0.0001933547225710402,0.08825732308909866,-0.010308343844394378,-0.005672081759027502,0.1319393092865739,0.0018759194361334856,0.12497448646348494,-0.005725424924894364,0.0009909612784338928,0.036874255358107004,918.0
77,4.7012007001283855,4.122865218790183,-1.4173952349198922e-08,6.265436624523774,288.3777690134668,0.0,0.0002946614996108571,-0.00030905477462743144,-0.0003430381587328582,0.08934759770065517,-0.011337717500593075,-0.005154058301747745,0.13522935797791474,0.0015777745450717144,0.11682609700445494,-0.006655104458904055,0.0020182201531490926,0.03366423808494236,930.0
78,4.706648307892704,4.118128451107386,-1.488388981993056e-08,6.266569512277332,288.37903199007724,0.0,0.0003814716732004687,-0.00035172947982459304,-0.0004936099088303947,0.09092569986135263,-0.01230949345776282,-0.004690228088312707,0.13862382015134675,0.0012670698788010337,0.10816665669506599,-0.007520799924230257,0.0029652105393620245,0.030364177581140968,942.0
79,4.712556423177518,4.113972624115963,-1.5377187177845155e-08,6.268415400901527,288.3806180257897,0.0,0.0004746841679305513,-0.00041635278606795393,-0.0006431823941335953,0.09355667860481394,-0.01332457948675406,-0.004238253144118116,0.14096387778107133,0.000986492819719816,0.09894284493094711,-0.008239880234510652,0.0040255078713403595,0.026962189372357396,954.0
80,4.718929167208326,4.10880507842225,-1.5856090347217227e-08,6.2699496058710515,288.3826811218398,0.0,0.0005846179031489418,-0.000469300185058574,-0.0007914332323725024,0.09744327286291721,-0.014272793697115227,-0.0038090208507981465,0.142518557065847,0.0007168118184868786,0.08917414067876904,-0.00891115694773539,0.004921324578444679,0.02348061461005896,966.0
81,4.727561982391408,4.102131965942037,-1.562331670781704e-08,6.272177399920173,288.3853877515109,0.0,0.0006932100002651442,-0.0005093953009669533,-0.0009379512672967056,0.10127029532799596,-0.015186479559079553,-0.003407387661874552,0.14324975622599198,0.0004789565445589303,0.07889243515904756,-0.00914952218045309,0.005617139684577964,0.019942762971441395,978.0
82,4.738953086280801,4.09471832289961,-1.505763337589477e-08,6.275893135641178,288.38911629825094,0.0,0.0007879834653695274,-0.0005218635732266194,-0.001081962289577318,0.10388435865593963,-0.015805784184416874,-0.0030316344893641057,0.14179829976256736,0.0002668724522466031,0.06812869785483568,-0.008622838886473852,0.0062734672937660935,0.01638839451120492,990.0
83,4.752628997754324,4.087742563512997,-1.3551474582971583e-08,6.281426881055124,288.39437934365543,0.0,0.0008935026290711383,-0.0005262843735108619,-0.0012230536922210214,0.10552280448972183,-0.015020123827701508,-0.0026902600634568343,0.1380528606625539,9.137244219175848e-05,0.056886968121429696,-0.008246751881961759,0.005831584035515342,0.012890780726467816,1002.0
84,4.768514013757805,4.0813410781042005,-1.1994294937945873e-08,6.2888056601455435,288.40221847020297,0.0,0.0009962571821650922,-0.0005680449680999335,-0.0013579569259829923,0.1057677262350194,-0.013226460757883782,-0.0023484591295541155,0.13195788038486192,-1.581280353156626e-05,0.0452675991584074,-0.00843186805970327,0.0048450029771988,0.009527348769480715,1014.0
85,4.785782018850549,4.0762745867603085,-9.629369127805853e-09,6.297836497877277,288.4147639335765,0.0,0.0011413932970873043,-0.0007528714537240409,-0.0014902149274925475,0.1021380088722169,-0.010971399540866811,-0.0020063780607482064,0.1238278745653721,-7.025477089067953e-05,0.03364444749164594,-0.008784073444458657,0.004056936888849905,0.006379518992637703,1026.0
86,4.804759082088731,4.072906365991123,-7.70061741530742e-09,6.3089596570287485,288.43761606171137,0.0,0.0015263429849445781,-0.0011530381026757402,-0.0016209781925634538,0.09433557807179614,-0.00923430706265009,-0.0016819673056857462,0.11066723313972493,-4.661013372098258e-05,0.022800458262445554,-0.008897890332198389,0.0035795449042221902,0.0036198006731941127,1038.0
87,4.829323853113988,4.066919959176918,-5.40026734188089e-09,6.3222445578953455,288.4874766687524,0.0,0.0027072710443128527,-0.0016849520378437299,-0.001737492586638339,0.08191054410735478,-0.008111679399236429,-0.0013070993971597252,0.08948339881660948,2.748348713460086e-05,0.013741086953608811,-0.009165266960988782,0.0030512661596256083,0.0015618801456034998,1050.0
88,4.871137975580259,4.055897436625234,-4.827292707063544e-09,6.34520259116485,288.62122906114655,0.0,0.004957123853250617,-0.003510122428498596,-0.001838742843665257,0.0650598561686107,-0.0057017926325899915,-0.0010245357816715856,0.06326078615287282,0.00011607360050824263,0.007237977370276722,-0.010053276396558744,0.0031604291481992603,0.00042902161572310133,1062.0
89,4.949412185306874,4.037809665981503,-3.3585344754575837e-09,6.392101293389032,289.03046614599293,0.0,0.0054509982196322285,-0.007236845329770759,-0.0016262808201292632,0.045127998923173485,-0.0016300682892204802,-0.0006019678070784874,0.04232830389814576,9.233441310325838e-05,0.0034955497031754616,-0.008398669240886114,0.0026205837688063997,5.1498308142172e-05,1074.0
90,5.071068676472764,4.002150822824862,-2.2349421465730776e-10,6.463215258232178,290.1090525617526,0.0,0.0006537029481469532,-0.0031724452643734787,-0.0004977225998459799,0.026649490954322074,0.0011435456114574762,-0.00032451050994219375,0.031008144846727214,-2.9777846048591448e-05,0.001807679906436113,-0.0025405902491893555,-9.969826911620663e-05,-4.931363994567048e-06,1086.0
91,5.169536874358884,3.9568633972598297,5.630583433243071e-09,6.512547016533387,291.8244170180442,0.0,0.0044698983603948025,-0.0014408149977213425,-7.36080394144021e-05,0.020596038900381853,0.0015359182397379147,-0.0002841882589437261,0.024920059064943614,-1.530277510776761e-05,0.0013071466386736876,-0.000909292423682382,-0.00032175042807842355,7.423781030656886e-06,1098.0
92,5.219676797025453,3.921869032233951,1.1524019463964073e-08,6.530845899670302,293.0766068652048,0.0,0.0030546862304525212,-0.0027113500375141844,5.148762682220173e-06,0.01868243552874781,0.0020365265259399165,-0.00019383563507567462,0.01945754206046006,-3.466313171370058e-05,0.0017584194203792735,-0.00035772906826353533,-2.8417579654621976e-05,1.0320927722505924e-05,1110.0
93,5.232954978120944,3.903916076697807,1.1445423725881499e-08,6.5306235517141955,293.9722736095057,0.0,0.009794217815071343,-0.0008448285673860082,-0.00010428658290590244,0.015814828645367162,0.0018858024725359013,-0.00014779357893971622,0.02091397074879357,-5.2997843662957025e-06,0.0029077660122092857,-0.00030643183594840926,0.0005729676149512817,6.647223522549882e-06,1122.0
94,5.2417017237561065,3.8929859298146154,2.2716163551955473e-08,6.530762596393401,294.99180633444837,0.0,0.009455870497232288,0.0022661468138745916,-4.561494799929571e-05,0.00993634910761868,0.001623722646883135,-6.530422548686064e-05,0.0174968302346602,-2.3238895082708456e-05,0.004196207297788918,-0.00032429133122615093,0.0003936089094567515,1.847919257349846e-06,1134.0
95,5.2583968856093035,3.8788915432085553,3.660727079453259e-08,6.535291926674916,295.69093164194686,0.0,0.0030616421660258817,0.001189847940815209,-9.015026179852255e-05,0.005118134758671676,0.000664231469306063,1.2922360223907992e-05,0.009084998049793847,-2.956881659327654e-05,0.004634285818532974,-0.0001213870421252395,9.21980523289722e-05,-8.369042664022242e-07,1146.0
96,5.277252405290407,3.8693240693299615,6.239472814775737e-08,6.544502360502961,296.02088495276354,0.0,0.00024128288847777868,-9.928671312411103e-05,-3.163957315118069e-05,0.002647627962565954,0.00011812692934955951,4.098588631197869e-05,0.003734268667894296,-1.5038398784813723e-05,0.004041475809140646,2.972916617863852e-06,2.390677057456809e-05,2.2955107586404896e-06,1158.0
97,5.289153661245744,3.865321120925787,6.668268503187444e-08,6.551630732099839,296.1438226119494,0.0,-0.00012602794375311504,-0.00017575770010923506,-5.501544085069997e-06,0.0017583339301113846,5.270851013720447e-05,4.506536581256335e-05,0.002030356382651364,-2.3173188902564808e-05,0.003049202709937015,1.3213353237881933e-05,9.303226832911396e-06,1.6917905707460522e-06,1170.0
98,5.293859196516372,3.8627467043602906,7.098515587736462e-08,6.553877257037457,296.18075707521194,0.0,-4.236922821135645e-05,-5.7616759439203634e-05,-1.0819596992161382e-06,0.0013674429223392516,6.943507312131715e-05,4.8385944801975417e-05,0.001585865640074923,-3.211042938660434e-05,0.0022002552036553234,9.887327202754807e-06,6.6862366012240535e-06,-3.2519364166773205e-07,1182.0
99,5.295245749540006,3.860922082986566,7.221542772684788e-08,6.5539000218328365,296.19243258604126,0.0,-7.689498704243436e-06,-2.3329637405782466e-05,-7.742430709740421e-07,0.0010942739448970501,5.854539019251413e-05,4.88721241373604e-05,0.0013318740038292276,-3.655557659103569e-05,0.0016486347421496848,6.115701319559491e-06,5.2516763291826085e-06,-1.297239206521533e-06,1194.0
100,5.295193770066176,3.8600559358839144,7.197034463873837e-08,6.553330768753664,296.2039293702932,0.0,2.7019603252305692e-06,-1.7330515617904854e-05,-5.822059911998257e-07,0.0008861484854070808,4.228815389146299e-05,4.837171989899539e-05,0.001127509768191695,-3.813131952125979e-05,0.0013299691729450572,3.7446129180323183e-06,4.1741193697373225e-06,-1.3969149843198535e-06,1206.0
101,5.2947864841852885,3.8599293018972203,7.076901619514312e-08,6.552915056427237,296.21644970972875,0.0,1.0388671885065167e-05,-9.374163660438714e-06,-3.4032213198914117e-07,0.000724116644919921,2.979233877754089e-05,4.71850398837168e-05,0.0009593137211686837,-3.8557521981675816e-05,0.0011502632758000311,2.403614454083767e-06,3.232156814242531e-06,-1.0689672523577218e-06,1218.0
102,5.294544001116826,3.859962488586922,6.929611990207508e-08,6.552730086723786,296.22825639982153,0.0,1.672043269459952e-05,-3.775237247500355e-06,-2.1441301365721275e-07,0.0006022897663150883,2.2918839482070992e-05,4.588301922707909e-05,0.0008279025595267766,-3.943522805639481e-05,0.0010500103322944945,1.6729895668264538e-06,2.4793732273371893e-06,-5.875466177865685e-07,1230.0
103,5.294451490182229,3.859861767581428,6.752505905141268e-08,6.552588198402031,296.2396888057867,0.0,2.2920399388070546e-05,1.054369773652822e-06,-3.2044492212838763e-07,0.0005031651865195616,1.833153817171203e-05,4.425072515556424e-05,0.0007175790118420005,-3.970620608398638e-05,0.0009977900153792327,1.1849919799696858e-06,1.6169710501662105e-06,-6.50191860069171e-08,1242.0
104,5.29438021756603,3.8597578649586968,6.58007433958272e-08,6.552462107027348,296.2516133080764,0.0,2.6291411102506362e-05,5.8155773247235256e-06,-1.7930045139301857e-07,0.00041954803864045596,1.3669070563146666e-05,4.222772714363084e-05,0.0006208305748199558,-3.938555847992802e-05,0.0009743814146803487,7.984541528392718e-07,6.903636230516018e-07,4.757064074681098e-07,1254.0
105,5.29430878082498,3.859675801609814,6.393100842747621e-08,6.552350136954656,296.263001279198,0.0,2.797899574352497e-05,1.0045704281079739e-05,-2.944736983104675e-07,0.0003512409380924685,1.048017710218854e-05,3.907359107770252e-05,0.0005428245657615805,-3.845582434906971e-05,0.0009667555977486542,5.227009431964525e-07,4.24682197414016e-08,1.002034230950417e-06,1266.0
106,5.294277150343282,3.8596524277337965,6.215165096125943e-08,6.5523065343805715,296.27489103085793,0.0,2.8578606286798763e-05,1.3082377174768644e-05,-2.7635689468219454e-07,0.00029702518529469926,9.906480123923928e-06,3.499360767296065e-05,0.0004853720782466466,-3.690306099978751e-05,0.0009664933145299657,3.452233790993012e-07,-3.422347971713246e-07,1.4715385414413856e-06,1278.0
107,5.294233679506374,3.8596261481678216,6.026471613042585e-08,6.552252866874839,296.28627960091364,0.0,2.8372309430548837e-05,1.5391390038274626e-05,-3.1045391791601303e-07,0.0002559962192932244,1.0094229204698888e-05,3.035247956593978e-05,0.00044777655207106404,-3.500392923852939e-05,0.0009682061163627426,2.7646581390991963e-07,-5.778014613751193e-07,1.8688528004124897e-06,1290.0
108,5.294172595773422,3.859589854682446,5.84497651606182e-08,6.552180159023991,296.2981595846644,0.0,2.7399116830777935e-05,1.6790520327468178e-05,-2.5472607277843344e-07,0.00022716941921957262,1.0109666390634061e-05,2.558750695057897e-05,0.00042700802583526913,-3.2297951146107086e-05,0.0009685143861440249,2.2814285944691785e-07,-6.221863076446816e-07,2.201061307910163e-06,1302.0
109,5.294088786567367,3.859542973700764,5.6547434810255593e-08,6.5520838198058815,296.3096238689286,0.0,2.5251676719610134e-05,1.7536711713239863e-05,-2.813248627319595e-07,0.0002100105688143078,1.0612225230398962e-05,2.1030068766820238e-05,0.0004222866729369179,-2.9224610200481727e-05,0.0009655928314559068,1.5322297116179523e-07,-4.609213652405486e-07,2.4576711234355708e-06,1314.0
110,5.294011527082694,3.8595004743770325,5.470334286390593e-08,6.551996307296457,296.3214463259971,0.0,2.217265790037957e-05,1.739353712696039e-05,-4.2142918961209545e-07,0.00020395270478792504,1.1932083695853374e-05,1.7108161341153815e-05,0.0004313918174113725,-2.5928583371853835e-05,0.0009587683752440625,5.238708082160341e-08,-1.266307300192977e-07,2.6030718136229536e-06,1326.0
111,5.293937709265319,3.8594608615962978,5.284915865541622e-08,6.551914010782552,296.33295196241755,0.0,1.780274167892789e-05,1.6612581428734836e-05,-7.587233995957252e-07,0.00020728328360378038,1.3385754199127858e-05,1.3749627674111859e-05,0.000452168976743259,-2.2450325681410724e-05,0.0009479262993267501,-2.0759674472168822e-08,2.919386422601877e-07,2.6159395917901673e-06,1338.0
112,5.293889680024549,3.8594689569463005,5.110743957590949e-08,6.551881494911456,296.3448009313664,0.0,1.2569473886690979e-05,1.5204187194202929e-05,-1.0998257416439508e-06,0.00021859798820936076,1.475174643777781e-05,1.091616546517048e-05,0.0004818598417671775,-1.8942226446399557e-05,0.000933047252447898,-3.945743942798137e-08,7.419700410173066e-07,2.5160600447496477e-06,1350.0
113,5.293882078360658,3.859499081612728,4.946928394144465e-08,6.551895302848088,296.3563338087513,0.0,6.903959651721284e-06,1.3727970428701866e-05,-1.5494944093182827e-06,0.00023744657904411687,1.60572191285053e-05,8.644506152057721e-06,0.0005176253604102525,-1.5471989844610796e-05,0.0009140263663174686,-1.388611931016653e-09,1.2390078079617102e-06,2.353298169292672e-06,1362.0
114,5.293892203899111,3.8595470349849834,4.798135329771998e-08,6.551934465797334,296.36814568168904,0.0,1.08982034681457e-06,1.257482549163362e-05,-1.864059146504691e-06,0.00026214136687846004,1.7727900465356998e-05,6.4129579559270245e-06,0.0005570847868792405,-1.25371400200501e-05,0.0008910922000513341,3.1086609735442706e-08,1.7551750479505276e-06,2.1941447902090523e-06,1374.0
115,5.293893539219335,3.8596124886559005,4.670504838840376e-08,6.5519769700986545,296.3796759737538,0.0,-4.521430414982235e-06,1.2067760848590296e-05,-2.1817722760862083e-06,0.0002900766686368711,2.0101536745650424e-05,4.412472710698058e-06,0.0005960742602059994,-9.964370297262423e-06,0.0008650857699432855,-8.069931631006344e-09,2.272051006932231e-06,2.097438100234924e-06,1386.0
116,5.293921187831727,3.8596606637378614,4.557473875790056e-08,6.552030283483934,296.39150391136405,0.0,-9.730566022207266e-06,1.1929035504818075e-05,-2.264481406588538e-06,0.0003188645357467831,2.318752748792923e-05,2.807074323601703e-06,0.0006310032236684881,-7.812159250563504e-06,0.0008371613128181406,-1.5155387892258573e-07,2.5297205858536632e-06,2.0769350992931157e-06,1398.0
117,5.293975086702988,3.859719527964638,4.473201348887249e-08,6.5521106100797875,296.4030831597,0.0,-1.4303411518041127e-05,1.2072880974327525e-05,-2.2746004077139866e-06,0.00034732320292571483,2.706309458287871e-05,1.4721771442659577e-06,0.0006594208166422747,-6.2102800100596275e-06,0.0008084353103622488,-3.5790577374809455e-07,2.456930289013061e-06,2.105083307335096e-06,1410.0
118,5.294039846841356,3.8597641129793736,4.3994948858682444e-08,6.552190598033856,296.41487203356354,0.0,-1.826796246426562e-05,1.1895003535172323e-05,-2.1406235343434993e-06,0.0003739372778764073,3.1196190776847815e-05,4.078174482675925e-07,0.0006787319198412803,-4.8933418913092024e-06,0.0007797342190062519,-5.64884612887078e-07,2.0956185365815646e-06,2.145845608145549e-06,1422.0
119,5.294108748831268,3.859789963351655,4.352514757572419e-08,6.552262116653654,296.4264852777313,0.0,-2.1220446698451056e-05,1.1190471843886453e-05,-1.9765463026826455e-06,0.00039908463465040066,3.5199033182525215e-05,-3.653936139363879e-07,0.0006881262902294912,-3.780406157645814e-06,0.0007515672953024011,-6.908622556057137e-07,1.5464340551448266e-06,2.173223143820778e-06,1434.0
120,5.294190570204121,3.8598067466824113,4.293956700357654e-08,6.552338191076015,296.43826333986686,0.0,-2.3063598143662475e-05,9.735287806404149e-06,-1.705754767193731e-06,0.0004237588862238643,3.8246199705049216e-05,-8.004421807008383e-07,0.000687046888552765,-2.7884492739503483e-06,0.0007242625474922982,-7.325656807013327e-07,9.59597496230954e-07,2.169213679500029e-06,1446.0
121,5.294275152976364,3.8598356433413255,4.272885975029438e-08,6.5524230935766274,296.4498970645783,0.0,-2.3767127875958142e-05,7.739199606259125e-06,-1.4289752339903251e-06,0.00044745847501994316,4.057169687331715e-05,-1.0414330209814577e-06,0.0006770066868490706,-2.055385324488792e-06,0.0006981043709263504,-6.717966202131467e-07,5.133168460427354e-07,2.1204591652862203e-06,1458.0
122,5.29436686377394,3.859851872449432,4.294017952030482e-08,6.552506100083002,296.46168313198706,0.0,-2.2920321679705033e-05,4.8591653673409175e-06,-1.03509543012899e-06,0.0004703844918114168,4.215700480911931e-05,-1.016489621492744e-06,0.0006604487764477498,-1.4978072854771586e-06,0.000673529025745492,-5.415393813471404e-07,2.354361121762869e-07,2.018795394907703e-06,1470.0
123,5.29444720145413,3.859874587067806,4.381636660995269e-08,6.552583341240185,296.4732242736535,0.0,-2.1446169056139863e-05,1.568439104137018e-06,-8.222569078157783e-07,0.000491896074826212,4.3411215754117116e-05,-8.285053360674535e-07,0.0006383305298940607,-1.060285210183326e-06,0.0006510834484266763,-4.139174879725009e-07,1.0976409302877758e-07,1.8610726075521822e-06,1482.0
124,5.294528134730644,3.8598915587282727,4.4768921490569296e-08,6.552657990303056,296.4851152876084,0.0,-1.7881570261584282e-05,-2.021261720577379e-06,-3.841139773732082e-07,0.0005137876640647202,4.424114843555734e-05,-6.792041281384288e-07,0.0006147231579991026,-7.332606625957519e-07,0.0006314483250141167,-2.9074645019630546e-07,6.375431334470646e-08,1.6558490817967615e-06,1494.0
125,5.29456506741636,3.8599628960460026,4.4574591869950965e-08,6.5527290869844945,296.4959929466005,0.0,-1.5054368929545391e-05,-5.7906189240342495e-06,-4.1519514788509965e-07,0.0005325694189751741,4.453312879717789e-05,-5.915279594982451e-07,0.0005903443667301226,1.755609546079582e-08,0.0006154868959027355,-1.3948752209211933e-07,9.221185747678314e-08,1.4104394442709775e-06,1506.0
126,5.29461834759774,3.8600088825799337,4.686030940653303e-08,6.552798959795898,296.5078988734373,0.0,-9.430447111847096e-06,-7.527380947284351e-06,1.389550331690647e-07,0.0005471599882899619,4.466490721338754e-05,-5.309036716274162e-07,0.0005656479921172142,5.724351951756136e-07,0.00060440493197165,-5.849619318888604e-08,3.1778324487362813e-07,1.1498416823679736e-06,1518.0
127,5.294690175713683,3.8599372676753227,4.975831817385099e-08,6.552813864531691,296.5174389176638,0.0,-6.018014028786332e-06,-1.3063796482969106e-05,-4.358031586438378e-07,0.0005552870303652993,4.3971705378952964e-05,-9.495179216144739e-07,0.0005426794110988062,1.15207609636118e-06,0.000598031145636021,-1.2873330170969365e-07,6.063495262572288e-07,8.97016436012255e-07,1530.0
128,5.294656127314634,3.860031642197448,5.5402501135208573e-08,6.55284142095282,296.5337181754123,0.0,-3.3599984097809716e-06,-1.8654349232876434e-05,-3.4367461517197915e-07,0.0005606789756834749,4.316673355702601e-05,-1.3571688891809828e-06,0.0005266447128980767,2.9023117013551145e-06,0.0005925570611924837,-4.755930300481707e-08,1.1666963828777415e-06,6.513551573690558e-07,1542.0
129,5.294622333222387,3.860176699105867,5.67017178414541e-08,6.552900705456496,296.54511525387494,0.0,1.9070738203711531e-06,-1.538347808009567e-05,-2.488062314316628e-07,0.0005662214852826508,4.475172470163967e-05,-1.8385601167819652e-06,0.0005205319311723479,4.3735288743707904e-06,0.0005869875658652514,-6.498172414082869e-08,1.5371369405743193e-06,4.3701781964560116e-07,1554.0
130,5.2946307501663314,3.860190520719668,5.82779675034566e-08,6.552916066202925,296.5554096630319,0.0,7.174952434831153e-06,-1.569776546444742e-05,-7.811811069228582e-07,0.0005628711115947472,4.5697921821421516e-05,-2.4848728641825495e-06,0.0005177179822294083,5.525954494386126e-06,0.0005857998213227388,-1.6515530563871098e-07,1.754056879676031e-06,2.626518478348371e-07,1566.0
131,5.294586198897042,3.8602490565591783,5.932458381721323e-08,6.552914091969426,296.5668206993114,0.0,1.1545123464748901e-05,-1.5924787161678747e-05,-9.95462707419434e-07,0.0005501633935128356,4.428978301637666e-05,-2.987237632474796e-06,0.0005136089772180613,7.266684141824613e-06,0.0005909733446338262,-2.2339680765838798e-07,2.0453038917948857e-06,1.191421411299779e-07,1578.0
132,5.294530465950223,3.8602966879703877,5.990443605889382e-08,6.552896431974251,296.57861691392566,0.0,1.42377662709594e-05,-1.441528983390763e-05,-1.2928064787452794e-06,0.0005287436599450931,4.145176367393336e-05,-3.423524396948351e-06,0.000507723777774616,9.210490497572405e-06,0.0006010915865022337,-2.3045017052915309e-07,2.1696260253276825e-06,-8.755975996161276e-09,1590.0
133,5.294472641122658,3.86033807950158,6.024584479374092e-08,6.55287318135544,296.5903089614977,0.0,1.6399187940824636e-05,-1.1383552796535502e-05,-1.494371138152946e-06,0.0005013725452657731,3.743139303033696e-05,-3.518316876905566e-06,0.0005016997558930503,1.0933405228931106e-05,0.0006151722914872886,-1.4480166546711903e-07,2.1663307903466275e-06,-1.3542527052839354e-07,1602.0
134,5.294446895276401,3.8603763541815845,6.020273416781659e-08,6.552873623387076,296.6020150422278,0.0,1.787157105948608e-05,-7.555757949947425e-06,-1.6298761755605064e-06,0.00046856452291157497,3.247814583883255e-05,-3.2630976445739623e-06,0.0004930878025041548,1.2306341102423488e-05,0.0006328480051523506,-8.013376092831457e-09,2.119537798030274e-06,-2.5516704813536874e-07,1614.0
135,5.294398294235558,3.860375652669667,6.013112656698732e-08,6.55283237746843,296.6137128508809,0.0,1.8523946053299653e-05,-2.938151310875891e-06,-1.6786376617522824e-06,0.00043193495312292594,2.6628197548429343e-05,-2.658906753255708e-06,0.00047896124135293137,1.3238684113300903e-05,0.0006535090209671087,1.4995764038055355e-07,2.0242254480973965e-06,-3.468831154326917e-07,1626.0
136,5.294355163239458,3.8603533424201917,5.999726520294238e-08,6.552782684550593,296.62543419080083,0.0,1.8317354758781356e-05,2.134468209069954e-06,-1.630525511725545e-06,0.0003938421784764878,2.0571147552035186e-05,-1.7732588130001705e-06,0.00045866155363305793,1.3572144242736595e-05,0.0006761390827607531,2.8278785388003097e-07,1.8435583527085997e-06,-3.883716766395892e-07,1638.0
137,5.294306573127483,3.8602993463549016,6.014504358346759e-08,6.552709849475617,296.63711718232355,0.0,1.721161094844579e-05,7.252819219607967e-06,-1.5141911252831976e-06,0.0003565061294272419,1.4808942653223567e-05,-7.135714915293797e-07,0.0004321520470766242,1.3396499459413349e-05,0.0006993863936277541,3.423360179721017e-07,1.6167578853182543e-06,-3.729196501090531e-07,1650.0
138,5.294261697399411,3.860220557472734,6.064029483883985e-08,6.552625379311623,296.64882275608556,0.0,1.5150174800940447e-05,1.1823986588437857e-05,-1.343375432488412e-06,0.00032145821071538985,9.806673544388158e-06,3.435470823083803e-07,0.0004007425826907136,1.2760626206823044e-05,0.0007216524579122019,3.336308794610342e-07,1.3643865989451578e-06,-3.0866529777539086e-07,1662.0
139,5.29422609107294,3.8601287308994587,6.14014343318924e-08,6.552540733931681,296.66049086439324,0.0,1.2112930919124329e-05,1.538106490070045e-05,-1.1288714378489226e-06,0.00028972580964208613,5.964327613752609e-06,1.225467426032805e-06,0.00036683457512787037,1.1655046292923643e-05,0.000741284382986253,2.6824861902257343e-07,1.0854015080990838e-06,-2.0527845634923034e-07,1674.0
140,5.294194290148851,3.8600222958923864,6.243819742903057e-08,6.552450707368399,296.67218388224785,0.0,8.18561307412869e-06,1.7608506424903787e-05,-8.616628599565834e-07,0.0002620302904655813,3.5911188337381857e-06,1.8735402492027347e-06,0.00033293970121467154,1.0165514848153868e-05,0.000756802995856398,1.7592416250975627e-07,8.16049403054241e-07,-7.166427992269891e-08,1686.0
141,5.294173923706293,3.859918543455793,6.349796399440995e-08,6.552371616941497,296.6838454381731,0.0,3.4938130052891126e-06,1.847455007734831e-05,-5.525961962048304e-07,0.00023886731437942825,2.7438299515167636e-06,2.198221094864886e-06,0.00030080640707762365,8.431817857443768e-06,0.0007670325681752693,7.477348820078634e-08,5.869208649619369e-07,8.17225533141471e-08,1698.0
142,5.294158689416863,3.8598364670866205,6.449348318578164e-08,6.552309628280245,296.6955199931014,0.0,-1.7269366754582921e-06,1.801366766173114e-05,-2.176866070627875e-07,0.00022041193327938693,3.3513944944983395e-06,2.2566707666069867e-06,0.0002714589731168126,6.684118282036643e-06,0.0007711213813368708,-2.660581153324861e-08,4.2463064546178867e-07,2.4060527311043455e-07,1710.0
143,5.294157814142297,3.859768459430162,6.515906427252405e-08,6.5522676508006805,296.7071796557175,0.0,-7.227195643814855e-06,1.6370246105215164e-05,1.2182971975708163e-07,0.00020732314544091661,5.227716933015962e-06,2.081202371106872e-06,0.0002456588596593551,5.071633474959773e-06,0.0007684423858735423,-1.2444945714702948e-07,3.2626566238906347e-07,3.8910686117857754e-07,1722.0
144,5.294165556131822,3.859711864617837,6.550481570312395e-08,6.5522395864922816,296.71884449953336,0.0,-1.2792791121210209e-05,1.3781251627074062e-05,4.2922166019452685e-07,0.00020032287851549322,8.143687206670124e-06,1.7077904728529085e-06,0.00022416214660938495,3.7354112781629762e-06,0.0007585528461178347,-2.2049563979685268e-07,2.577033938787474e-07,5.128301425590008e-07,1734.0
145,5.294180690056153,3.859678375636066,6.532241496250102e-08,6.5522314182462225,296.7305053412815,0.0,-1.8090828891658224e-05,1.0327781247943458e-05,6.756415443072509e-07,0.00020014527088479394,1.1477911382486566e-05,1.2294986740558532e-06,0.0002080713852454143,2.7662248774175163e-06,0.0007412048748399125,-3.1596935963272656e-07,1.8962391219599472e-07,6.034156254585116e-07,1746.0
146,5.294211723153882,3.859660163323384,6.518081997629831e-08,6.552245525460375,296.74216145629765,0.0,-2.2870846098407367e-05,6.2457799126659944e-06,8.488907141456866e-07,0.0002074272496661676,1.463030440511067e-05,6.29986283617882e-07,0.00019907855754560787,2.1988600711833614e-06,0.0007162991662854968,-3.961924195790458e-07,1.1144166816986019e-07,6.588146048525265e-07,1758.0
147,5.2942642686559624,3.8596659026441213,6.43133551393381e-08,6.552291694108531,296.7538192398774,0.0,-2.6961937092578097e-05,1.7708604221237905e-06,9.337161905450477e-07,0.0002222437109245908,1.7224279666906437e-05,-1.1320323159574816e-07,0.00019891530959626125,1.9372521398741534e-06,0.0006838140896760303,-4.5762553531230375e-07,4.0045678336357746e-08,6.79090121477647e-07,1770.0
148,5.2943344327007225,3.859697398537068,6.392948731818678e-08,6.552367903332895,296.7654746943749,0.0,-3.0053307032376315e-05,-2.7617577317914486e-06,9.380508748585649e-07,0.00024438343497907444,1.939502799588357e-05,-8.82594655252017e-07,0.0002095865869748609,1.8654492933265553e-06,0.0006437967142038595,-5.01950081310994e-07,-5.599588749807441e-09,6.64545968364949e-07,1782.0
149,5.294426836379398,3.859758723358506,6.235784872631948e-08,6.552480273489205,296.77713060606436,0.0,-3.1823045123255565e-05,-7.014776161804463e-06,8.670985028549987e-07,0.00027369275267714736,2.178476005644562e-05,-1.6070025130313588e-06,0.00023220210495292765,1.8712745017504122e-06,0.0005964429487168008,-5.498518005165785e-07,-1.7071528962033764e-08,6.144598978722417e-07,1794.0
150,5.294537565566614,3.85984821932588,6.118457485796124e-08,6.552624659054145,296.7887892947699,0.0,-3.190209097973006e-05,-1.0645551480014396e-05,7.696662822623043e-07,0.0003103614202784622,2.507578326419362e-05,-2.186713031535874e-06,0.00026689934724971875,1.8132845659269703e-06,0.0005422307560294364,-6.174937910267197e-07,9.669289151146275e-09,5.305822167782934e-07,1806.0
151,5.294649668256804,3.859950909412111,5.8754960803410485e-08,6.5527784394183275,296.80044704896136,0.0,-3.0216368863052705e-05,-1.3377990022766508e-05,6.616448768405062e-07,0.00035447813033621884,2.95383965480977e-05,-2.5771539502889887e-06,0.00031269607842313686,1.6866060522940894e-06,0.0004820360333850176,-7.066069467073038e-07,6.370565925104988e-08,4.1996447929932795e-07,1818.0
152,5.294750774742948,3.8600631930259355,5.67861089964012e-08,6.5529295073089004,296.8121161470039,0.0,-2.6836159588661295e-05,-1.4966375610530663e-05,5.670533650043687e-07,0.000405880540610474,3.5157290943561244e-05,-2.738349183019628e-06,0.0003676758121516469,1.4818145334290042e-06,0.00041707697141263377,-8.03200641857118e-07,1.4497092536870542e-07,2.961598794714727e-07,1830.0
153,5.294819497900446,3.8601695132590597,5.284068348287887e-08,6.553051383924604,296.8237810827097,0.0,-2.2176579671187325e-05,-1.53490002969095e-05,4.7412927972733745e-07,0.00046410902517506677,4.144088065556703e-05,-2.66742044046865e-06,0.0004297125601366321,1.2208737162961386e-06,0.00034873585028291594,-8.83176601118452e-07,2.5135524837027983e-07,1.7685332542102912e-07,1842.0
154,5.294847155345898,3.860261061117849,4.738975454279954e-08,6.553131849536041,296.8354531205005,0.0,-1.6887619894541785e-05,-1.452553541421594e-05,3.8048072123211556e-07,0.0005283842211859573,4.773756083272149e-05,-2.377369401936396e-06,0.0004967520668113444,9.519521932384327e-07,0.00027851072149276743,-9.273755993072325e-07,3.6262129888829425e-07,7.948005802139722e-08,1854.0
155,5.294834538865524,3.8603299384523146,3.92395417212455e-08,6.55316684021925,296.84712288352966,0.0,-1.1679150677123488e-05,-1.2689010469090025e-05,2.7322474463019395e-07,0.0005973788515927654,5.345188305561782e-05,-1.929767889656717e-06,0.0005666299630594092,6.983897371794699e-07,0.0002082716886803464,-9.359320643719424e-07,4.6516299462198664e-07,1.6313932438058743e-08,1866.0
156,5.2947955389438395,3.8603773468694804,3.073575053352049e-08,6.5531681349836335,296.8588391281197,0.0,-7.230964080950065e-06,-1.0187759569029355e-05,1.7345875207557772e-07,0.0006687479534892131,5.808210533289738e-05,-1.4269565290396249e-06,0.0006368583269416836,4.7677795524150154e-07,0.00014080974295674258,-9.475546432339323e-07,5.411760698478353e-07,-1.0986040580902798e-08,1878.0
157,5.2947509529618,3.860397519743652,2.9045487244446935e-08,6.553148961914705,296.87100791579803,0.0,-4.08119498002075e-06,-7.62562210892253e-06,8.557262672937756e-08,0.0007405478916036728,6.148437096983037e-05,-9.275940699369163e-07,0.0007058382665457361,2.878460030589181e-07,8.025233688826937e-05,-9.909751384629746e-07,5.692661810464381e-07,-1.2163137031977939e-08,1890.0
158,5.294701266017312,3.8603977853342744,1.7390027260531513e-08,6.553114334094116,296.8853902569999,0.0,-2.0544055755729303e-06,-6.02919068553358e-06,3.205580981599072e-08,0.0008170954258565917,6.428959356768287e-05,-4.928699151931664e-07,0.0007788009449731775,1.409184869335433e-07,3.201689688580375e-05,-1.065620651651523e-06,5.709102027723766e-07,-4.376124280170096e-09,1902.0
159,5.294658609727536,3.8603829220653343,3.547989600362508e-09,6.553075733532857,296.90750679256604,0.0,-4.6197416191897596e-07,-2.6323834097379167e-06,3.193969481160233e-09,0.0008828937815137166,6.64364750326709e-05,-1.4807711737663e-07,0.000841448216159273,4.1173849648658324e-08,3.8070662772218522e-06,-1.14932512736369e-06,5.636382339439595e-07,-2.0850009616751822e-10,1914.0
